iter	RMSEWithUncertainty	RMSE
0	3.788007327	10.80466464
1	3.766891055	10.68398345
2	3.749065384	10.58037732
3	3.734286394	10.49244787
4	3.720199958	10.41199561
5	3.708822183	10.34342454
6	3.698570691	10.28435142
7	3.688984737	10.22951965
8	3.67978403	10.17882932
9	3.669928521	10.12798738
10	3.660843536	10.08340402
11	3.652695823	10.04275474
12	3.645162491	10.00588276
13	3.637954018	9.969516246
14	3.631455496	9.94082925
15	3.625956227	9.914917454
16	3.620900293	9.888356085
17	3.615641175	9.863361398
18	3.610396825	9.839273618
19	3.605882285	9.816787367
20	3.601067889	9.79386036
21	3.59618736	9.774190721
22	3.592538812	9.754737236
23	3.588582947	9.734876063
24	3.585160043	9.717131308
25	3.58132157	9.702436726
26	3.577917971	9.684802453
27	3.574979948	9.669205336
28	3.571714889	9.65226518
29	3.569014841	9.63881089
30	3.565947912	9.625496478
31	3.563335066	9.614823551
32	3.560749452	9.601155368
33	3.558617946	9.588408909
34	3.555992602	9.576299693
35	3.553422392	9.56715362
36	3.551472569	9.558504426
37	3.549392019	9.54890233
38	3.547093073	9.536942632
39	3.544942054	9.527369261
40	3.543110334	9.517309196
41	3.541044237	9.506656876
42	3.538668056	9.496533791
43	3.537064527	9.487554658
44	3.535166579	9.47989512
45	3.533314938	9.470985123
46	3.531567674	9.463578727
47	3.530159071	9.455863208
48	3.52865812	9.448204434
49	3.526780324	9.440907748
50	3.525400964	9.435133025
51	3.524203393	9.428604484
52	3.522867374	9.423250962
53	3.521538996	9.416980138
54	3.520183901	9.411212337
55	3.519156023	9.406535475
56	3.517964439	9.40136827
57	3.516319096	9.395988388
58	3.5151021	9.390169735
59	3.514125083	9.384274783
60	3.51304347	9.378667882
61	3.512093244	9.374329703
62	3.510999398	9.368036244
63	3.509994647	9.362720768
64	3.509094034	9.358054273
65	3.507956945	9.353434634
66	3.506916245	9.349339157
67	3.505829935	9.344937144
68	3.505185868	9.34087213
69	3.504399738	9.337464154
70	3.503602893	9.334020673
71	3.502823523	9.329379852
72	3.501979576	9.325483508
73	3.501227833	9.32152602
74	3.500464353	9.317298516
75	3.49989657	9.314149801
76	3.499176956	9.310306977
77	3.498531142	9.306479946
78	3.497782743	9.303645288
79	3.49686142	9.299634747
80	3.496238016	9.296188956
81	3.495416518	9.293445653
82	3.494960515	9.290862313
83	3.494049985	9.286965508
84	3.493439784	9.283977244
85	3.492648126	9.280398596
86	3.492075463	9.277242768
87	3.491253593	9.273347432
88	3.490473815	9.270323348
89	3.489954983	9.267303578
90	3.489197504	9.264128005
91	3.488580087	9.261509038
92	3.488096876	9.259033771
93	3.487509304	9.255774035
94	3.486932491	9.252640785
95	3.48617028	9.249736252
96	3.485649869	9.247034351
97	3.485174721	9.244828571
98	3.484702535	9.242756249
99	3.484179697	9.240201806
100	3.483752117	9.23784883
101	3.483322481	9.235445994
102	3.482903656	9.233362183
103	3.482215959	9.230974556
104	3.481665308	9.228053883
105	3.481218305	9.225450237
106	3.480754629	9.223520533
107	3.480102951	9.221709088
108	3.479533334	9.218911006
109	3.479005789	9.216262916
110	3.478418781	9.213266353
111	3.478062761	9.211432389
112	3.477514344	9.20930712
113	3.477018503	9.206742873
114	3.476431256	9.204552399
115	3.476004877	9.202701501
116	3.475610664	9.200614432
117	3.475224146	9.19872443
118	3.474618665	9.196536428
119	3.473781185	9.193388365
120	3.473294602	9.190999162
121	3.472816844	9.189023389
122	3.472349677	9.186946953
123	3.471800263	9.184675677
124	3.471443503	9.182683176
125	3.470989703	9.180500069
126	3.470720896	9.178511308
127	3.470176183	9.176703685
128	3.469687491	9.174635386
129	3.469403635	9.173122926
130	3.468998874	9.171199004
131	3.468632788	9.168537641
132	3.468169427	9.166687214
133	3.46778186	9.164551297
134	3.467287945	9.162575016
135	3.467016439	9.160677875
136	3.466508503	9.158589384
137	3.46598835	9.156777534
138	3.465477268	9.155031623
139	3.465013104	9.152914494
140	3.464789704	9.150935912
141	3.464255545	9.149017497
142	3.463815106	9.147112215
143	3.463436627	9.145085351
144	3.462909817	9.143271509
145	3.462605836	9.141711058
146	3.462282861	9.139620542
147	3.461991996	9.137431959
148	3.461724699	9.135672626
149	3.461320395	9.133672748
150	3.461049875	9.131733788
151	3.460690253	9.129995372
152	3.460346649	9.128462574
153	3.460035045	9.12683163
154	3.459679252	9.125066808
155	3.459376281	9.123638077
156	3.458994291	9.121563214
157	3.458818121	9.120099824
158	3.458327973	9.118095157
159	3.458081119	9.116482343
160	3.457677261	9.114579881
161	3.457511079	9.113091084
162	3.457061269	9.111377368
163	3.456731547	9.10988198
164	3.45635548	9.10845355
165	3.4560374	9.106769834
166	3.455646753	9.105166185
167	3.455348593	9.10382385
168	3.455054266	9.102579384
169	3.454800998	9.101371505
170	3.454365576	9.099667982
171	3.454037897	9.098084206
172	3.453842765	9.096909876
173	3.453477007	9.095524434
174	3.453065837	9.093419708
175	3.452767971	9.091817836
176	3.452427874	9.090260913
177	3.452051657	9.088729252
178	3.451550243	9.087238262
179	3.451131765	9.085804359
180	3.450829486	9.084290463
181	3.450554644	9.082886415
182	3.450335031	9.081791146
183	3.449997231	9.080556018
184	3.449643042	9.07938348
185	3.449478035	9.078380928
186	3.449136847	9.076944736
187	3.448880551	9.075761763
188	3.448690016	9.074565535
189	3.44845621	9.072963308
190	3.448311658	9.071737796
191	3.448066487	9.070463003
192	3.447697562	9.068900732
193	3.447455947	9.067571423
194	3.447139138	9.066444369
195	3.446848992	9.0652893
196	3.446597694	9.063709961
197	3.446364391	9.062566484
198	3.4460415	9.060947362
199	3.445787111	9.059861437
200	3.445461677	9.058514239
201	3.445219544	9.057038551
202	3.444949465	9.055912672
203	3.444755454	9.054679493
204	3.444461112	9.053385857
205	3.444234412	9.052609411
206	3.444035163	9.05144434
207	3.443844939	9.050628176
208	3.44359991	9.049537537
209	3.44337013	9.048181505
210	3.443136729	9.047151431
211	3.442806781	9.045982744
212	3.442603603	9.044675099
213	3.442412137	9.043538008
214	3.442246549	9.042134433
215	3.442050903	9.041103048
216	3.441831811	9.039775988
217	3.441622791	9.038858297
218	3.441436959	9.037871238
219	3.441183153	9.036865882
220	3.440955401	9.035708999
221	3.440709258	9.034616248
222	3.440504559	9.033508479
223	3.440278801	9.032599771
224	3.440098282	9.031307726
225	3.439871254	9.030379847
226	3.439666643	9.029418697
227	3.439500144	9.028332359
228	3.439201091	9.027060152
229	3.4389785	9.026155144
230	3.43879002	9.025061636
231	3.438514168	9.023930863
232	3.438297797	9.022798257
233	3.438084476	9.021744257
234	3.437859336	9.020592916
235	3.437715986	9.019831257
236	3.437573711	9.018751822
237	3.437362986	9.017691433
238	3.437075662	9.016691263
239	3.436815494	9.015757548
240	3.436671137	9.014832191
241	3.436461433	9.013897229
242	3.436273538	9.012764441
243	3.436091391	9.011630247
244	3.435918258	9.010681168
245	3.435771674	9.009820685
246	3.435608343	9.008817036
247	3.435404731	9.007767244
248	3.435315448	9.006834998
249	3.435115656	9.00608037
250	3.434971744	9.004773706
251	3.434754965	9.00376735
252	3.434494429	9.002621166
253	3.434349851	9.001436434
254	3.434183042	9.00042047
255	3.434008959	8.999569804
256	3.433794775	8.998782874
257	3.433614121	8.997899788
258	3.433465149	8.996939451
259	3.433271015	8.995963163
260	3.433027271	8.995016161
261	3.432840706	8.994243329
262	3.43263423	8.993364334
263	3.432484893	8.992465364
264	3.432369411	8.991389515
265	3.43223401	8.990567423
266	3.432079002	8.989534887
267	3.431848534	8.988441858
268	3.431678311	8.987672656
269	3.43149871	8.986641035
270	3.431270853	8.985594118
271	3.431142922	8.984735283
272	3.430924323	8.98367412
273	3.430757503	8.982619512
274	3.43050832	8.981717659
275	3.430368518	8.98100866
276	3.430142504	8.979951636
277	3.430012653	8.979073786
278	3.42981445	8.978175601
279	3.429606606	8.97705329
280	3.429509377	8.97620974
281	3.429398039	8.975476766
282	3.429285727	8.974831412
283	3.429102239	8.973742178
284	3.429002141	8.973059512
285	3.428847616	8.972268832
286	3.428693893	8.971359464
287	3.428582202	8.970449119
288	3.428358416	8.969467617
289	3.428184126	8.968462513
290	3.428009203	8.967605251
291	3.427863707	8.966725589
292	3.427749517	8.966064813
293	3.427611558	8.965085248
294	3.427507042	8.96427303
295	3.427329016	8.963447767
296	3.42720839	8.962628234
297	3.427057985	8.96175202
298	3.426870587	8.961036808
299	3.426743546	8.960261734
300	3.426595089	8.959328456
301	3.426465138	8.958539672
302	3.426292716	8.957716011
303	3.426228336	8.957182678
304	3.426075748	8.956513678
305	3.425977647	8.95572747
306	3.425872197	8.954775922
307	3.425726157	8.954055007
308	3.425532532	8.953258488
309	3.425354413	8.952688808
310	3.425136616	8.95182633
311	3.425014811	8.950990319
312	3.424836954	8.950225131
313	3.424673966	8.949414373
314	3.42449195	8.948608549
315	3.424333226	8.947828537
316	3.424152929	8.94711217
317	3.423948165	8.946403476
318	3.42378051	8.945575209
319	3.423658507	8.944887279
320	3.423536151	8.944022005
321	3.423380081	8.943232121
322	3.423303439	8.942416464
323	3.423166259	8.941716271
324	3.423030045	8.941023037
325	3.422840633	8.940227634
326	3.422710726	8.93949805
327	3.422619806	8.938785232
328	3.422415262	8.938077691
329	3.422290181	8.937258429
330	3.422094663	8.936577256
331	3.421980173	8.935810048
332	3.421835277	8.93511725
333	3.421689332	8.934290857
334	3.421602279	8.933552645
335	3.421446007	8.932741772
336	3.421326232	8.932082327
337	3.421207031	8.931287822
338	3.421014612	8.930349094
339	3.420863567	8.929563209
340	3.420702457	8.929009071
341	3.420553342	8.928384942
342	3.420398969	8.927769077
343	3.420345161	8.927107398
344	3.420267745	8.926664591
345	3.420154053	8.925916674
346	3.420068241	8.925183361
347	3.419965063	8.924621355
348	3.419837124	8.923917895
349	3.419703762	8.923349132
350	3.419600325	8.922592992
351	3.419456795	8.921942383
352	3.419300906	8.921371954
353	3.419174189	8.920737156
354	3.419091813	8.920065722
355	3.418933619	8.919431181
356	3.418836487	8.918821257
357	3.418713277	8.918084199
358	3.418626165	8.917407446
359	3.418509272	8.91673693
360	3.418404727	8.916186536
361	3.418324115	8.915553856
362	3.418222021	8.914979658
363	3.418139122	8.914203017
364	3.417982373	8.913468608
365	3.417866642	8.912870405
366	3.417778176	8.912192759
367	3.417619548	8.911451817
368	3.41749609	8.910882951
369	3.41737474	8.910141234
370	3.417278095	8.909437824
371	3.417136881	8.908791449
372	3.4169708	8.908160467
373	3.416895906	8.907488688
374	3.416789128	8.906884781
375	3.416700167	8.90639269
376	3.416563445	8.905890529
377	3.416431449	8.905251355
378	3.416343959	8.904651943
379	3.416223696	8.903997265
380	3.416145698	8.903566466
381	3.41591827	8.902800307
382	3.415802813	8.902041393
383	3.4156526	8.901371906
384	3.415544004	8.900768627
385	3.415422465	8.900140551
386	3.415349735	8.89966164
387	3.415225232	8.899074911
388	3.415164535	8.898386833
389	3.415021568	8.897779156
390	3.414914642	8.897226734
391	3.414828215	8.896453176
392	3.414678543	8.895850766
393	3.414583134	8.895192951
394	3.414502152	8.894681821
395	3.414398038	8.894076389
396	3.414257079	8.893489454
397	3.41413448	8.89298608
398	3.414036523	8.892285097
399	3.413918906	8.891690861
400	3.413821705	8.891144553
401	3.413700664	8.890453424
402	3.413613446	8.889914096
403	3.413473386	8.889245948
404	3.413353859	8.888602222
405	3.413268381	8.88789498
406	3.413175883	8.887293694
407	3.413047401	8.886633475
408	3.412925322	8.886009992
409	3.412767943	8.88538972
410	3.412658122	8.884774343
411	3.41255873	8.884157561
412	3.412484817	8.883659189
413	3.412362812	8.883067603
414	3.41227019	8.882447369
415	3.412187248	8.88168229
416	3.412034778	8.8810266
417	3.411914371	8.880514059
418	3.411790921	8.879808632
419	3.411729231	8.879317008
420	3.411645334	8.878779785
421	3.411512079	8.878144721
422	3.411393328	8.877666996
423	3.41131419	8.877190235
424	3.411125947	8.876625093
425	3.411001861	8.875976778
426	3.410919818	8.875444551
427	3.410772408	8.874853292
428	3.410503543	8.874033689
429	3.41039954	8.873423782
430	3.410280675	8.87273342
431	3.410159682	8.872153258
432	3.409989657	8.871531587
433	3.409855054	8.870839828
434	3.409733325	8.87038249
435	3.409626447	8.869791624
436	3.409565258	8.869213971
437	3.409457905	8.868581697
438	3.40926693	8.86791601
439	3.409177121	8.867194619
440	3.409089246	8.866646859
441	3.40896624	8.866207933
442	3.408879739	8.865798902
443	3.408777429	8.865218026
444	3.408677901	8.864675531
445	3.40857882	8.864181876
446	3.408460644	8.863672658
447	3.408393086	8.862955122
448	3.408300331	8.862455802
449	3.408207513	8.861861849
450	3.408087523	8.861295702
451	3.408020431	8.860743515
452	3.407932689	8.860229393
453	3.407849457	8.859644892
454	3.40776419	8.859145848
455	3.407627039	8.858590193
456	3.407502297	8.857975035
457	3.407379072	8.857399803
458	3.407179448	8.856831558
459	3.406994852	8.856241619
460	3.406868791	8.855722577
461	3.40675269	8.855142152
462	3.406597303	8.854444554
463	3.406500225	8.853956561
464	3.406390416	8.853380079
465	3.406292478	8.852720404
466	3.406193707	8.85223758
467	3.406089547	8.851611515
468	3.405999363	8.851167868
469	3.405869237	8.850729792
470	3.405796986	8.850125613
471	3.405721523	8.84970639
472	3.405642295	8.849241816
473	3.405513986	8.848636899
474	3.405366306	8.848093064
475	3.405107734	8.847460829
476	3.404974106	8.847049971
477	3.40491416	8.846687649
478	3.404843315	8.846317116
479	3.404762247	8.845826647
480	3.404729291	8.845305125
481	3.404613392	8.844815858
482	3.404569135	8.844348109
483	3.404521854	8.843876282
484	3.404419312	8.843416868
485	3.404289699	8.842675763
486	3.404193659	8.842199272
487	3.404113463	8.841719636
488	3.404031341	8.841266291
489	3.403941939	8.840808848
490	3.403896923	8.840151541
491	3.403773661	8.839563452
492	3.403657568	8.83897961
493	3.403544192	8.838542463
494	3.403430784	8.837933099
495	3.403342592	8.837374928
496	3.403213411	8.836890069
497	3.403129637	8.836338226
498	3.403031464	8.835858555
499	3.40291453	8.835431631
500	3.402842631	8.834880065
501	3.40272923	8.834333316
502	3.402637606	8.833715826
503	3.402534521	8.833148287
504	3.402444871	8.832557994
505	3.40235391	8.832062932
506	3.402285684	8.831533345
507	3.402199156	8.831061705
508	3.402087155	8.830526449
509	3.401992825	8.830077406
510	3.401907081	8.829653799
511	3.401791301	8.829123649
512	3.401680712	8.828589392
513	3.401568421	8.828039663
514	3.401494778	8.827508816
515	3.401396931	8.82696631
516	3.40131159	8.826463878
517	3.401251963	8.825780002
518	3.401162268	8.82531084
519	3.401062232	8.824866308
520	3.400937928	8.824257249
521	3.400857457	8.823754618
522	3.400791579	8.823297837
523	3.400694025	8.822790244
524	3.40063655	8.82229993
525	3.400562749	8.821786462
526	3.400447059	8.821246047
527	3.400355459	8.820787409
528	3.400283706	8.820315331
529	3.400221514	8.819797975
530	3.400109824	8.819387301
531	3.4000441	8.818957399
532	3.399966209	8.818525073
533	3.39990522	8.818175863
534	3.399846896	8.817665523
535	3.39976164	8.817219086
536	3.399683762	8.816771093
537	3.399638678	8.816365544
538	3.39954021	8.815979532
539	3.399414708	8.815543869
540	3.399348862	8.815009864
541	3.399257968	8.814642316
542	3.399221865	8.814148337
543	3.399123559	8.813564475
544	3.399081085	8.813156948
545	3.39901946	8.812644901
546	3.398916367	8.812244603
547	3.398830391	8.811737703
548	3.398709638	8.811257344
549	3.398615304	8.810882251
550	3.398517259	8.810326864
551	3.398401539	8.809682588
552	3.398358194	8.809317943
553	3.398222757	8.808882218
554	3.398137594	8.808419903
555	3.398057029	8.807863852
556	3.398018305	8.807353663
557	3.397912636	8.806923777
558	3.397843468	8.806427649
559	3.39774613	8.80605714
560	3.397670774	8.805483168
561	3.397615709	8.805079458
562	3.397545679	8.804647285
563	3.397410058	8.80425074
564	3.397314225	8.803714209
565	3.397205416	8.803253142
566	3.397116422	8.802841307
567	3.397004526	8.802453579
568	3.396903492	8.80200826
569	3.396776115	8.801378906
570	3.396690772	8.80100368
571	3.396633811	8.800605831
572	3.396567461	8.800128484
573	3.396518102	8.799668173
574	3.396361908	8.799304794
575	3.396303238	8.798691793
576	3.396224179	8.79823734
577	3.396158708	8.797602309
578	3.396104652	8.797193575
579	3.395991669	8.796671437
580	3.395909656	8.796227639
581	3.395755054	8.795753323
582	3.395685367	8.795318052
583	3.395606136	8.794891333
584	3.395549927	8.794627457
585	3.395432656	8.794102159
586	3.395386417	8.793658318
587	3.395330296	8.793252314
588	3.395275606	8.792786956
589	3.395230034	8.792177076
590	3.395159594	8.791814586
591	3.395017392	8.791226184
592	3.394944118	8.790740427
593	3.394866658	8.790327854
594	3.394747779	8.78985029
595	3.394679794	8.789325898
596	3.394626222	8.788957178
597	3.394535692	8.788524015
598	3.39448391	8.788167023
599	3.394303124	8.787621715
600	3.394239064	8.787246535
601	3.394188749	8.786858381
602	3.394112034	8.786575959
603	3.394002529	8.786265851
604	3.393880635	8.785754374
605	3.393808512	8.785294491
606	3.393751052	8.784906776
607	3.393689816	8.784628598
608	3.393626024	8.784143574
609	3.39355301	8.783751544
610	3.393486561	8.783404905
611	3.393369101	8.782899043
612	3.393265985	8.782263414
613	3.393206856	8.78191671
614	3.393154891	8.781626648
615	3.3930436	8.780974405
616	3.392932629	8.780523635
617	3.392868975	8.780056624
618	3.392723549	8.779633902
619	3.392650416	8.779139743
620	3.392580083	8.778619446
621	3.392509774	8.778207054
622	3.392438184	8.777880392
623	3.392364305	8.77749026
624	3.39230085	8.77721449
625	3.392211167	8.776834619
626	3.392077442	8.776349489
627	3.39200744	8.775945056
628	3.391956427	8.775543428
629	3.391815544	8.77512292
630	3.391772361	8.774675479
631	3.391735214	8.774353795
632	3.391686693	8.773950533
633	3.391612164	8.773329747
634	3.391531796	8.772837884
635	3.391443694	8.77232136
636	3.391361265	8.771925591
637	3.391280526	8.771312681
638	3.39121985	8.770881582
639	3.39113211	8.770430833
640	3.391051001	8.770016497
641	3.390982023	8.769500225
642	3.390911224	8.769063385
643	3.390868572	8.768638582
644	3.390801123	8.768117006
645	3.390649777	8.767630438
646	3.390575033	8.767107737
647	3.390514841	8.766794254
648	3.390437395	8.766283649
649	3.390374076	8.765912183
650	3.390273685	8.7656114
651	3.390212496	8.765196993
652	3.390147684	8.764797922
653	3.390079681	8.764398319
654	3.389950144	8.764077962
655	3.389843194	8.763646675
656	3.389735869	8.76324699
657	3.389651629	8.762787281
658	3.38957328	8.762311349
659	3.38949864	8.761906995
660	3.389445352	8.761403557
661	3.389380948	8.760975095
662	3.389324078	8.760562732
663	3.389242665	8.760006823
664	3.389144629	8.759643171
665	3.389034053	8.759302035
666	3.38898451	8.758889571
667	3.388899757	8.758440559
668	3.388862712	8.758125525
669	3.388746361	8.757653728
670	3.388697693	8.757099103
671	3.388600234	8.756723219
672	3.388548027	8.756455053
673	3.388492898	8.756072555
674	3.388408107	8.755747725
675	3.388294598	8.755300019
676	3.388256769	8.75498176
677	3.388144945	8.754594784
678	3.388086788	8.754197075
679	3.387989757	8.753809995
680	3.387919504	8.753454918
681	3.387875301	8.753154935
682	3.38780608	8.752757051
683	3.387777837	8.752409408
684	3.387650058	8.75183994
685	3.387571538	8.751472317
686	3.387499335	8.751138161
687	3.387421892	8.750764309
688	3.387360921	8.750299526
689	3.387312846	8.749916091
690	3.387259093	8.749545783
691	3.387207833	8.749142403
692	3.387183512	8.748752806
693	3.387154008	8.748400351
694	3.387044334	8.747940491
695	3.386951979	8.747557821
696	3.386855001	8.747190938
697	3.386769217	8.746736292
698	3.386738815	8.746482451
699	3.38665382	8.746128615
700	3.386562322	8.745727824
701	3.386502035	8.745391865
702	3.386401022	8.744986921
703	3.386344808	8.744502465
704	3.386261427	8.744153591
705	3.386229342	8.74367274
706	3.386168338	8.743270091
707	3.38610044	8.742824167
708	3.386000119	8.742441364
709	3.385942284	8.742016879
710	3.38582987	8.741616753
711	3.385760202	8.7413114
712	3.385687199	8.740975491
713	3.385620859	8.740558231
714	3.385567322	8.740122001
715	3.3855171	8.739912545
716	3.385430201	8.739399339
717	3.385413866	8.739041958
718	3.38532977	8.738611973
719	3.385227189	8.738129284
720	3.385159303	8.737729617
721	3.385101164	8.737413962
722	3.385015919	8.737020152
723	3.384939298	8.736642084
724	3.384864285	8.736277699
725	3.384795033	8.735881698
726	3.384681301	8.735434821
727	3.384534575	8.734975437
728	3.384488077	8.734671614
729	3.38442924	8.734406027
730	3.384364399	8.734020375
731	3.384290957	8.733621402
732	3.384204362	8.7333016
733	3.384161594	8.732979263
734	3.384089839	8.732501284
735	3.384033359	8.732173946
736	3.383982466	8.73172048
737	3.383898939	8.731216809
738	3.383819521	8.73081263
739	3.383764643	8.730480603
740	3.383720686	8.730032538
741	3.383688234	8.729664852
742	3.383614221	8.729185034
743	3.38354447	8.728910527
744	3.383500567	8.728438525
745	3.383469933	8.72810166
746	3.383425823	8.727692829
747	3.383356588	8.727293274
748	3.383289656	8.726899314
749	3.383255341	8.726469785
750	3.383169461	8.726099954
751	3.383067428	8.725744874
752	3.382986717	8.725267718
753	3.38295341	8.72492777
754	3.382894195	8.724630876
755	3.38283111	8.724384876
756	3.382779013	8.724058547
757	3.382645823	8.723664399
758	3.382574237	8.723390423
759	3.382536299	8.722854994
760	3.382447691	8.722342309
761	3.38240064	8.722091355
762	3.382335341	8.721671629
763	3.382261043	8.72125929
764	3.38218627	8.720884115
765	3.38213624	8.720522465
766	3.382091491	8.72001844
767	3.381998292	8.71955637
768	3.381932713	8.719150409
769	3.381819351	8.71875448
770	3.381691032	8.718427117
771	3.381603809	8.718098594
772	3.381524198	8.717694507
773	3.381497293	8.717423827
774	3.381448996	8.71703144
775	3.381402779	8.716574703
776	3.381322867	8.716155822
777	3.381242936	8.715753417
778	3.381197491	8.715368248
779	3.381113383	8.714962262
780	3.381071886	8.714624364
781	3.3809986	8.714310612
782	3.380940184	8.714064588
783	3.380877113	8.71377519
784	3.380767195	8.713374446
785	3.380694928	8.713043874
786	3.380625464	8.712571631
787	3.380556763	8.712222349
788	3.380519726	8.711914548
789	3.380440509	8.711534152
790	3.380392069	8.711079571
791	3.380304674	8.710634077
792	3.380229646	8.710303119
793	3.380149332	8.709939736
794	3.380099043	8.709484026
795	3.380043212	8.709088438
796	3.379999331	8.708649283
797	3.379952545	8.708375488
798	3.379910883	8.707993651
799	3.379850325	8.707513075
800	3.379783099	8.707226055
801	3.37970356	8.706952884
802	3.379593007	8.706602682
803	3.379538882	8.706116731
804	3.379485753	8.705721085
805	3.379440094	8.705400972
806	3.379380185	8.704920151
807	3.37929628	8.704515418
808	3.379248652	8.704166507
809	3.379164451	8.703787156
810	3.379122176	8.703348214
811	3.379041557	8.702921276
812	3.378933286	8.702555752
813	3.378862552	8.702195435
814	3.378799127	8.701827681
815	3.378756113	8.701578885
816	3.378713707	8.701315114
817	3.378656993	8.701023935
818	3.37860375	8.700779601
819	3.378567596	8.700438504
820	3.378485018	8.70013239
821	3.378428972	8.699733625
822	3.378348054	8.699421753
823	3.378323665	8.699008197
824	3.378259572	8.698687105
825	3.378193127	8.698361875
826	3.378145817	8.697960313
827	3.378086073	8.697590764
828	3.378012285	8.697278924
829	3.377958372	8.696896219
830	3.377867686	8.696512641
831	3.377826877	8.696055753
832	3.377748957	8.695587056
833	3.377696698	8.695266443
834	3.377661601	8.694937641
835	3.377578099	8.69460425
836	3.377531946	8.694344141
837	3.377498375	8.694070812
838	3.377475139	8.693783718
839	3.377449062	8.693443501
840	3.377394065	8.692994273
841	3.377342665	8.692621822
842	3.377278725	8.692170059
843	3.377196839	8.691771917
844	3.377140998	8.691354471
845	3.377059543	8.690914213
846	3.376980511	8.690578423
847	3.376928657	8.690346537
848	3.376838295	8.690018314
849	3.376803184	8.689636456
850	3.376750529	8.689361239
851	3.376697729	8.688959431
852	3.376659936	8.68860349
853	3.37661037	8.688146289
854	3.376584944	8.687740655
855	3.376541591	8.687384863
856	3.376503371	8.68705449
857	3.376422663	8.686638761
858	3.376301517	8.686326939
859	3.376262577	8.685952418
860	3.376180595	8.685620241
861	3.376060398	8.685241284
862	3.3760043	8.684943742
863	3.37592952	8.684586895
864	3.375842072	8.684267767
865	3.375799686	8.683909392
866	3.375751703	8.683576371
867	3.375620885	8.6833018
868	3.375558121	8.682972393
869	3.375503579	8.682668065
870	3.37545865	8.682343174
871	3.375386072	8.681972077
872	3.37534393	8.68163495
873	3.375301931	8.681263755
874	3.375267458	8.680923086
875	3.375196336	8.680587504
876	3.375136886	8.680279198
877	3.375069614	8.679938952
878	3.375035697	8.679630311
879	3.37497331	8.679255694
880	3.374927807	8.678980534
881	3.374894623	8.678570727
882	3.374832982	8.678153824
883	3.37475595	8.677754295
884	3.374716108	8.677453906
885	3.374666823	8.677055602
886	3.37462289	8.676697663
887	3.374570589	8.676417761
888	3.3744884	8.676171834
889	3.374427564	8.675797777
890	3.374378731	8.675414596
891	3.374308576	8.675073972
892	3.374282041	8.674886986
893	3.374245552	8.674594717
894	3.37409836	8.674159076
895	3.374066514	8.673854126
896	3.374004126	8.673526953
897	3.373955237	8.673135353
898	3.373895549	8.672823995
899	3.373854754	8.672445934
900	3.373775732	8.672059058
901	3.373690868	8.671701855
902	3.373654236	8.671324332
903	3.373587113	8.670919553
904	3.373513135	8.670642406
905	3.373456013	8.670290944
906	3.373369247	8.670013689
907	3.373297046	8.669642174
908	3.373208799	8.669336124
909	3.373174837	8.669067852
910	3.373097589	8.668714258
911	3.373045958	8.668396376
912	3.373002375	8.667932893
913	3.37295718	8.667517702
914	3.372880619	8.6671879
915	3.372842276	8.666903292
916	3.37280891	8.66664315
917	3.372703472	8.66625643
918	3.372660656	8.665904441
919	3.372608987	8.665561311
920	3.372523874	8.665286272
921	3.372474333	8.665003331
922	3.372370546	8.664723601
923	3.372336391	8.664379321
924	3.372296004	8.663977244
925	3.372166167	8.663619279
926	3.372115855	8.663376277
927	3.372030962	8.662943561
928	3.372006869	8.662659004
929	3.371957767	8.66224221
930	3.371914156	8.661945338
931	3.371867986	8.661642323
932	3.371776528	8.66136443
933	3.371731708	8.660940766
934	3.37167693	8.660615601
935	3.371628889	8.660322234
936	3.371580576	8.659925209
937	3.371538101	8.659484989
938	3.371492562	8.659118776
939	3.37142701	8.658777628
940	3.371317554	8.658494379
941	3.37127098	8.658163007
942	3.37123676	8.657846146
943	3.371199758	8.657400121
944	3.371097342	8.657018891
945	3.371024462	8.656734066
946	3.370988698	8.656404597
947	3.370931566	8.656041354
948	3.370875397	8.655702077
949	3.370831802	8.655484227
950	3.370758595	8.655067509
951	3.370706087	8.654703597
952	3.370652996	8.654366362
953	3.370612806	8.654064826
954	3.370568948	8.653670406
955	3.37048258	8.653245598
956	3.370432299	8.652740218
957	3.370391873	8.652367013
958	3.370316791	8.652051373
959	3.3702428	8.651738322
960	3.370175756	8.651407278
961	3.370103856	8.651117511
962	3.369983066	8.650601648
963	3.369947052	8.650219929
964	3.369902586	8.64985081
965	3.369844839	8.649480204
966	3.369787968	8.649164406
967	3.369716699	8.648907436
968	3.369651098	8.648465983
969	3.369619029	8.648103752
970	3.369575935	8.647802886
971	3.369539948	8.64748919
972	3.369486878	8.647171968
973	3.36941091	8.646954826
974	3.369343816	8.646586661
975	3.369279819	8.646315315
976	3.369195654	8.646082459
977	3.369142701	8.645827922
978	3.369086201	8.64550633
979	3.36904113	8.645183666
980	3.368977799	8.644806872
981	3.368938452	8.644394829
982	3.368872747	8.644142899
983	3.368780005	8.643823139
984	3.368733882	8.64341788
985	3.368703483	8.643058635
986	3.36861616	8.642695837
987	3.368551445	8.642370493
988	3.368475044	8.642026322
989	3.368404956	8.641653434
990	3.368318185	8.641375808
991	3.368253457	8.641038196
992	3.368228939	8.640757862
993	3.368169584	8.640382352
994	3.36809665	8.640001382
995	3.368061973	8.639578004
996	3.367999151	8.639186733
997	3.367950297	8.638854807
998	3.367888797	8.638621346
999	3.367854237	8.638228383
